timestamp,open,high,low,close,volume,ma_short,ma_long,signal,position
2026-06-20 20:30:00,10149999994.0,10186999760.0,10122100000.0,10124801000.0,0.2849146668,,,0,
2026-06-20 21:30:00,10149999998.0,10187490322.0,10124801000.0,10187490322.0,0.1297212329,,,0,0.0
2026-06-20 22:30:00,10187490322.0,10213424270.0,10159200096.0,10189468502.0,0.0717314466,,,0,0.0
2026-06-20 23:30:00,10190619594.0,10213424269.0,10170903783.0,10188461723.0,0.036985899,,,0,0.0
2026-06-21 00:30:00,10209999999.0,10213424270.0,10180701891.0,10188344621.0,0.0714525563,,,0,0.0
2026-06-21 01:30:00,10188344621.0,10229999983.0,10180226216.0,10229998999.0,0.0795937319,,,0,0.0
2026-06-21 02:30:00,10220000000.0,10244000000.0,10188344621.0,10240000000.0,0.0713494702,,,0,0.0
2026-06-21 03:30:00,10240000000.0,10279338517.0,10188344621.0,10246150570.0,0.2822587352,,,0,0.0
2026-06-21 04:30:00,10279338441.0,10279338520.0,10090000000.0,10250809989.0,0.3991677499,10205058414.0,,0,0.0
2026-06-21 05:30:00,10250809989.0,10278876013.0,10194284600.0,10194284600.0,0.1963596012,10212778814.0,,0,0.0
2026-06-21 06:30:00,10218023265.0,10260479774.0,10092000000.0,10213326037.0,0.2357874729,10215649449.0,,0,0.0
2026-06-21 07:30:00,10192092647.0,10213326045.0,10100014114.0,10146084949.0,0.2256863914,10210829054.222221,,0,0.0
2026-06-21 08:30:00,10160538248.0,10192144853.0,10090999999.0,10150000000.0,0.2881655724,10206555529.444445,,0,0.0
2026-06-21 09:30:00,10164480038.0,10200000000.0,10090999999.0,10198850977.0,0.2770512107,10207722902.333334,,0,0.0
2026-06-21 10:30:00,10178745032.0,10202555555.0,10148239852.0,10202555555.0,0.2560116037,10204673630.777779,,0,0.0
2026-06-21 11:30:00,10167190738.0,10202555554.0,10143212747.0,10180964719.0,0.2286412134,10198114155.11111,,0,0.0
2026-06-21 12:30:00,10143311144.0,10181000000.0,10130000012.0,10130000015.0,0.1313677936,10185208537.88889,,0,0.0
2026-06-21 13:30:00,10130000032.0,10201990992.0,10130000032.0,10201326798.0,0.099638723,10179710405.555555,,0,0.0
2026-06-21 14:30:00,10201990992.0,10220000000.0,10163725572.0,10220000000.0,0.2059262306,10182567672.222221,,0,0.0
2026-06-21 15:30:00,10218888888.0,10249999900.0,10191555955.0,10249999900.0,0.2408336021,10186642545.88889,,0,0.0
2026-06-21 16:30:00,10249999900.0,10325700000.0,10249251121.0,10289000000.0,0.4568839562,10202521996.0,10201043775.047619,1,1.0
2026-06-21 17:30:00,10299999999.0,10301143050.0,10250000002.0,10254691247.0,0.1370050464,10214154356.777779,10207229024.904762,1,0.0
2026-06-21 18:30:00,10254691267.0,10310000000.0,10254691266.0,10299999998.0,0.179984855,10225393136.88889,10212586628.52381,1,0.0
2026-06-21 19:30:00,10275000000.0,10299999996.0,10251000001.0,10251000002.0,0.1887130888,10230775853.222221,10215516699.952381,1,0.0
2026-06-21 20:30:00,10251000002.0,10269000000.0,10150002001.0,10182262161.0,0.4358460408,10230920013.444445,10215221482.714285,1,0.0
2026-06-21 21:30:00,10182262161.0,10230000000.0,10182262158.0,10183280762.0,0.2437186838,10236840096.444445,10214980346.571428,1,0.0
2026-06-21 22:30:00,10183280762.0,10225260399.0,10181249788.0,10181249788.0,0.1404447064,10234609317.555555,10212658955.571428,1,0.0
2026-06-21 23:30:00,10181222223.0,10215250459.0,10141000002.0,10212533297.0,0.1428326962,10233779683.88889,10211351017.333334,1,0.0
2026-06-22 00:30:00,10212000000.0,10333059247.0,10170000777.0,10333059247.0,0.3357509623,10243008500.222221,10215489525.761906,1,0.0
2026-06-22 01:30:00,10318936469.0,10345000000.0,10286302778.0,10315746441.0,0.0799316173,10245980327.0,10218581737.761906,1,0.0
2026-06-22 02:30:00,10280612588.0,10330277933.0,10203950265.0,10240581551.0,0.0886707698,10244412583.0,10220786354.47619,1,0.0
2026-06-22 03:30:00,10264618204.0,10283251802.0,10185491077.0,10224999697.0,0.1276572097,10236079216.222221,10221342243.047619,1,0.0
2026-06-22 04:30:00,10191014948.0,10297613226.0,10185491078.0,10240316789.0,0.2045749025,10234892192.555555,10225829473.52381,1,0.0
2026-06-22 05:30:00,10240316787.0,10264999996.0,10199999999.0,10199999999.0,0.1910932788,10236863063.444445,10228210425.857143,1,0.0
2026-06-22 06:30:00,10187111112.0,10246999776.0,10170000000.0,10232874953.0,0.2271132302,10242373529.11111,10229830615.190475,1,0.0
2026-06-22 07:30:00,10232874953.0,10277444869.0,10197644423.0,10223943804.0,0.2029015045,10247117308.666666,10230849103.238094,1,0.0
2026-06-22 08:30:00,10223943804.0,10224000000.0,10197644423.0,10223943803.0,0.3182998428,10248385142.666666,10232895726.285715,1,0.0
2026-06-22 09:30:00,10204007018.0,10277444323.0,10197664493.0,10218000013.0,0.1738976077,10235600783.333334,10237086202.380953,0,-1.0
2026-06-22 10:30:00,10219021823.0,10270227574.0,10215000000.0,10265282227.0,0.1573765464,10229993648.444445,10240131699.0,0,0.0
2026-06-22 11:30:00,10265283227.0,10345000000.0,10265283227.0,10345000000.0,0.6792944367,10241595698.333334,10246084079.952381,0,0.0
2026-06-22 12:30:00,10345000000.0,10399000000.0,10328480200.0,10375002000.0,0.498308671,10258262620.88889,10252036560.904762,1,1.0
2026-06-22 13:30:00,10375000000.0,10440413028.0,10353103655.0,10353103655.0,0.5240435978,10270794494.88889,10255089115.904762,1,0.0
2026-06-22 14:30:00,10353103655.0,10381333935.0,10283132239.0,10355542274.0,0.4179528115,10288076969.88889,10259891545.761906,1,0.0
2026-06-22 15:30:00,10355542275.0,10378801841.0,10294000005.0,10338710167.0,0.2486161215,10299836438.11111,10261734887.142857,1,0.0
2026-06-22 16:30:00,10338710174.0,10338710182.0,10280000000.0,10321343442.0,0.1660407083,10310658620.11111,10265084574.761906,1,0.0
2026-06-22 17:30:00,10294000000.0,10355000000.0,10291136670.0,10312000000.0,0.2014905813,10320442642.0,10271262567.095238,1,0.0
2026-06-22 18:30:00,10304176031.0,10337882810.0,10251999999.0,10268020403.0,0.1275207542,10326000463.11111,10275297788.095238,1,0.0
2026-06-22 19:30:00,10268020404.0,10299790573.0,10252000000.0,10270000000.0,0.2079714396,10326524660.11111,10279523988.666666,1,0.0
2026-06-22 20:30:00,10253677864.0,10290000000.0,10250603563.0,10288978764.0,0.2447899047,10320300078.333334,10283164249.0,1,0.0
2026-06-22 21:30:00,10288978764.0,10299500000.0,10235554226.0,10235554226.0,0.1695710289,10304805881.222221,10278521152.761906,1,0.0
2026-06-22 22:30:00,10235554226.0,10235554229.0,10199699998.0,10212505305.0,0.2201345955,10289183842.333334,10273604908.190475,1,0.0
2026-06-22 23:30:00,10212505313.0,10230008897.0,10198765433.0,10220034102.0,0.0531033253,10274127378.777779,10272626458.238094,1,0.0
2026-06-23 00:30:00,10205178854.0,10299000000.0,10205178854.0,10250000004.0,0.0323707879,10264270694.0,10273816949.047619,0,-1.0
2026-06-23 01:30:00,10282266152.0,10282266153.0,10218169789.0,10232415765.0,0.0297886925,10254389841.0,10273440709.809525,0,0.0
2026-06-23 02:30:00,10236444688.0,10250190468.0,10231000000.0,10231000000.0,0.0502951738,10245389841.0,10274916900.333334,0,0.0
2026-06-23 03:30:00,10231000001.0,10270000000.0,10201549687.0,10245556323.0,0.1458574051,10242893832.11111,10275520775.095238,0,0.0
2026-06-23 04:30:00,10230000022.0,10243999932.0,10194999997.0,10194999997.0,0.2433074291,10234560498.444445,10274142498.571428,0,0.0
2026-06-23 05:30:00,10192000000.0,10204266088.0,10130000501.0,10142999999.0,0.8700749618,10218340635.666666,10270288031.714285,0,0.0
2026-06-23 06:30:00,10132999999.0,10200000000.0,10132999999.0,10200000000.0,0.2760043754,10214390166.11111,10269430888.238094,0,0.0
2026-06-23 07:30:00,10200000000.0,10200000000.0,10060000000.0,10060000000.0,0.5133272285,10197445132.222221,10259655544.095238,0,0.0
2026-06-23 08:30:00,10060000000.0,10137301012.0,10050000000.0,10098682507.0,0.403782997,10183961621.666666,10247926139.666666,0,0.0
2026-06-23 09:30:00,10100324621.0,10141222826.0,10090000005.0,10093011003.0,0.1724681511,10166518399.333334,10234497996.952381,0,0.0
2026-06-23 10:30:00,10093011003.0,10131827341.0,10065000000.0,10120000002.0,0.1555447851,10154027759.0,10223397823.0,0,0.0
2026-06-23 11:30:00,10121000000.0,10131827341.0,10094039883.0,10094039910.0,0.0858210065,10138809971.222221,10210945329.47619,0,0.0
2026-06-23 12:30:00,10109825674.0,10109825674.0,10050100001.0,10050100001.0,0.2395595696,10117092602.11111,10197201988.238094,0,0.0
2026-06-23 13:30:00,10050919313.0,10165000001.0,10050100001.0,10097363097.0,0.2796639575,10106244057.666666,10186536257.52381,0,0.0
2026-06-23 14:30:00,10097363072.0,10119941353.0,10050100001.0,10073635749.0,0.1741373119,10098536918.777779,10175185578.904762,0,0.0
2026-06-23 15:30:00,10051000000.0,10225818818.0,10050100082.0,10180000000.0,0.2009487489,10096314696.555555,10170994131.142857,0,0.0
2026-06-23 16:30:00,10180000001.0,10222222222.0,10139206938.0,10187999914.0,0.1528110086,10110536909.222221,10167089365.142857,0,0.0
2026-06-23 17:30:00,10187999914.0,10222222220.0,10130000000.0,10172999857.0,0.1639746142,10118794392.555555,10161566560.047619,0,0.0
2026-06-23 18:30:00,10168159797.0,10168159797.0,10100000000.0,10135583575.0,0.1746710507,10123524678.333334,10156806052.857143,0,0.0
2026-06-23 19:30:00,10142638908.0,10200000000.0,10134448885.0,10197999952.0,0.1565374727,10132191339.444445,10156115321.761906,0,0.0
2026-06-23 20:30:00,10182030329.0,10222222222.0,10170215802.0,10221999998.0,0.1893595956,10146409127.0,10156208935.857143,0,0.0
2026-06-23 21:30:00,10209416962.0,10230000002.0,10190000001.0,10203249346.0,0.1127163694,10163425720.88889,10153982714.047619,1,1.0
2026-06-23 22:30:00,10203249346.0,10222222200.0,10185000000.0,10222222200.0,0.0549198163,10177298954.555555,10153497306.190475,1,0.0
2026-06-23 23:30:00,10205310231.0,10259000000.0,10185000027.0,10234284653.0,0.080163503,10195148832.777779,10153653718.238094,1,0.0
2026-06-24 00:30:00,10241896779.0,10291199975.0,10234875861.0,10261473000.0,0.0692762571,10204201388.333334,10154411655.238094,1,0.0
2026-06-24 01:30:00,10272264229.0,10290999582.0,10213682560.0,10219841300.0,0.007518051,10207739320.11111,10155594574.428572,1,0.0
2026-06-24 02:30:00,10219841334.0,10246182337.0,10185000000.0,10246182337.0,0.0628304737,10215870706.777779,10160508019.095238,1,0.0
2026-06-24 03:30:00,10246182300.0,10246182300.0,10185000004.0,10191387093.0,0.0563251628,10222071097.666666,10160097880.666666,1,0.0
2026-06-24 04:30:00,10195164028.0,10290999646.0,10187775515.0,10288000000.0,0.2477751041,10232071103.0,10170955023.52381,1,0.0
2026-06-24 05:30:00,10289900000.0,10330030303.0,10274165538.0,10313696517.0,0.49451809,10242259605.11111,10181193785.904762,1,0.0
2026-06-24 06:30:00,10314236373.0,10356539998.0,10311000000.0,10330000000.0,0.2227599156,10256343011.11111,10192478976.238094,1,0.0
2026-06-24 07:30:00,10330000000.0,10330000000.0,10281000001.0,10286254970.0,0.2062456539,10263457763.333334,10200395879.47619,1,0.0
2026-06-24 08:30:00,10310628474.0,10310628575.0,10274249866.0,10310628574.0,0.1886055835,10271940421.222221,10210709625.380953,1,0.0
2026-06-24 09:30:00,10310628575.0,10310628575.0,10281000000.0,10281000000.0,0.1489595223,10274110087.88889,10221704863.428572,1,0.0
2026-06-24 10:30:00,10290000000.0,10290000000.0,10250000000.0,10260357767.0,0.2070734822,10278611917.555555,10229466514.380953,1,0.0
2026-06-24 11:30:00,10260357769.0,10335000000.0,10250000000.0,10328999995.0,0.2750827339,10287813879.555555,10241626716.571428,1,0.0
2026-06-24 12:30:00,10304968318.0,10348352827.0,10200000001.0,10202982222.0,0.3304231891,10289102227.222221,10242721108.095238,1,0.0
2026-06-24 13:30:00,10206760799.0,10300000000.0,10100000002.0,10140000000.0,0.5321608096,10272657782.777779,10240435397.904762,1,0.0
2026-06-24 14:30:00,10156139995.0,10188173997.0,10111000003.0,10112010100.0,0.1818275035,10250248180.88889,10237531123.761906,1,0.0
2026-06-24 15:30:00,10112010100.0,10141999874.0,10055000000.0,10084500966.0,0.892756257,10222970510.444445,10235098618.571428,0,-1.0
2026-06-24 16:30:00,10084500966.0,10102999994.0,9952000000.0,10028694242.0,1.5187005914,10194352651.777779,10227036441.904762,0,0.0
2026-06-24 17:30:00,10028694242.0,10047777776.0,9920377777.0,10023997490.0,0.5548740397,10162504753.555555,10217607751.047619,0,0.0
2026-06-24 18:30:00,10026880342.0,10080200001.0,9959300003.0,10080200001.0,0.2646551564,10140193642.555555,10211748258.428572,0,0.0
2026-06-24 19:30:00,10080200001.0,10239999994.0,10060030215.0,10220999999.0,0.4166504339,10135820557.222221,10211690058.380953,0,0.0
2026-06-24 20:30:00,10221000000.0,10223000000.0,10105000000.0,10156138961.0,0.4429874855,10116613775.666666,10207968834.952381,0,0.0
2026-06-24 21:30:00,10150000008.0,10223999997.0,10115486611.0,10122000031.0,0.1861636556,10107615754.444445,10201327265.0,0,0.0
2026-06-24 22:30:00,10122000037.0,10147999891.0,10098454646.0,10141599988.0,0.1084052835,10107793530.88889,10197601488.238094,0,0.0
2026-06-24 23:30:00,10119782075.0,10141600000.0,10099000001.0,10137037607.0,0.094465106,10110574365.0,10192404120.142857,0,0.0
2026-06-25 00:30:00,10108803052.0,10138529663.0,10098454646.0,10106145000.0,0.0489087766,10112979257.666666,10188344972.857143,0,0.0
2026-06-25 01:30:00,10136686594.0,10160000000.0,10106000237.0,10137658874.0,0.0321405284,10125086439.0,10181185871.619047,0,0.0
2026-06-25 02:30:00,10111000004.0,10118311504.0,10080001808.0,10106550978.0,0.0411439247,10134259048.777779,10171321798.333334,0,0.0
2026-06-25 03:30:00,10106550980.0,10157470244.0,10080001823.0,10120942033.0,0.1235292557,10138785941.222221,10161366657.047619,0,0.0
2026-06-25 04:30:00,10149995487.0,10300000000.0,10101000000.0,10297998994.0,0.437832491,10147341385.11111,10161925896.285715,0,0.0
2026-06-25 05:30:00,10297998930.0,10300000000.0,10247831895.0,10285420134.0,0.7107763086,10161705959.88889,10160725494.380953,1,1.0
2026-06-25 06:30:00,10291099558.0,10340000000.0,10283178766.0,10330000000.0,0.4271295623,10184817067.555555,10163058827.714285,1,0.0
2026-06-25 07:30:00,10325000010.0,10335000000.0,10173914000.0,10213870239.0,0.2578730709,10192847095.444445,10160845135.904762,1,0.0
2026-06-25 08:30:00,10213870239.0,10308656088.0,10200704611.0,10235925035.0,0.124835986,10203834587.444445,10156412994.952381,1,0.0
2026-06-25 09:30:00,10235380289.0,10276286438.0,10225853314.0,10239998986.0,0.0865304163,10218707252.555555,10158175698.0,1,0.0
2026-06-25 10:30:00,10239998983.0,10279521864.0,10219468648.0,10262536755.0,0.2072101505,10232582572.666666,10164010781.571428,1,0.0
2026-06-25 11:30:00,10263896411.0,10287646408.0,10220000042.0,10221988275.0,0.1312181864,10245408939.0,10169247837.52381,1,0.0
2026-06-25 12:30:00,10245696087.0,10287646408.0,10220000000.0,10220000015.0,0.1241234858,10256415381.444445,10175700173.190475,1,0.0
2026-06-25 13:30:00,10224670159.0,10232907331.0,9823000000.0,10029893927.0,1.8237178339,10226625929.555555,10175757301.047619,1,0.0
2026-06-25 14:30:00,10019102000.0,10180000000.0,9908823481.0,9948600001.0,0.6046183133,10189201470.333334,10172166944.428572,1,0.0
2026-06-25 15:30:00,9962654052.0,10074310000.0,9948700000.0,10051273134.0,0.6031156409,10158231818.555555,10170789474.571428,0,-1.0
2026-06-25 16:30:00,10021089912.0,10041900469.0,9966666666.0,10000000000.0,0.3322095555,10134468458.666666,10160265665.095238,0,0.0
2026-06-25 17:30:00,10000000000.0,10022401627.0,9985002002.0,10011989987.0,0.2124325977,10109586786.666666,10153401428.238094,0,0.0
2026-06-25 18:30:00,10024875004.0,10024875004.0,9967000000.0,9968000001.0,0.1574487708,10079364677.222221,10146068093.47619,0,0.0
2026-06-25 19:30:00,9969360480.0,10059647335.0,9968550125.0,10050782519.0,0.2138649857,10055836428.777779,10141743452.095238,0,0.0
2026-06-25 20:30:00,10050782519.0,10059647336.0,9995000000.0,10039000000.0,0.1631074175,10035504398.222221,10137074994.619047,0,0.0
2026-06-25 21:30:00,10020000000.0,10119999998.0,10010113671.0,10050000000.0,0.2535895161,10016615507.666666,10134401423.190475,0,0.0
2026-06-25 22:30:00,10068555452.0,10119978990.0,10039000000.0,10091635374.0,0.0917563756,10023475668.444445,10132209827.952381,0,0.0
2026-06-25 23:30:00,10119978990.0,10119980000.0,10053248542.0,10053248542.0,0.0491242111,10035103284.11111,10129671616.714285,0,0.0
2026-06-26 00:30:00,10053248554.0,10075411741.0,10005492714.0,10005492714.0,0.0878888142,10030016570.777779,10124174030.095238,0,0.0
2026-06-26 01:30:00,10000000700.0,10004979987.0,9870000000.0,9900000000.0,0.3617979024,10018905459.666666,10105221697.047619,0,0.0
2026-06-26 02:30:00,9951849077.0,9961621942.0,9870004003.0,9955895834.0,0.0753179235,10012672776.0,10089530063.714285,0,0.0
2026-06-26 03:30:00,9952192638.0,10119978996.0,9926000043.0,10081139060.0,0.2134114767,10025243782.555555,10077679542.761906,0,0.0
2026-06-26 04:30:00,10109220082.0,10109333109.0,10040000001.0,10066084872.0,0.1114041465,10026944044.0,10070642144.333334,0,0.0
2026-06-26 05:30:00,10066084919.0,10087114858.0,9989898989.0,10039700306.0,0.2220199741,10027021855.777779,10061298109.619047,0,0.0
2026-06-26 06:30:00,10039700306.0,10089000000.0,9989898989.0,10088000000.0,0.3058729373,10031244078.0,10054060062.666666,0,0.0
2026-06-26 07:30:00,10079244763.0,10127125170.0,10033951746.0,10076249088.0,0.4132660693,10029534490.666666,10045189221.380953,0,0.0
2026-06-26 08:30:00,10050000077.0,10124313110.0,10022172363.0,10032674247.0,0.1686353054,10027248457.88889,10036174267.666666,0,0.0
2026-06-26 09:30:00,10059999970.0,10059999970.0,10000000000.0,10000100000.0,0.1449220192,10026649267.444445,10025702838.380953,1,1.0
2026-06-26 10:30:00,10000100001.0,10020999999.0,9922222222.0,9945042300.0,0.3466778066,10031653967.444445,10021662284.714285,1,0.0
2026-06-26 11:30:00,9956701634.0,9995211966.0,9930000010.0,9980000000.0,0.2147358729,10034332208.11111,10023157522.761906,1,0.0
2026-06-26 12:30:00,9980000000.0,10033592248.0,9855000011.0,9857300999.0,0.5978223152,10009461312.444445,10013920754.428572,0,-1.0
2026-06-26 13:30:00,9857300999.0,10055555555.0,9856000000.0,10006211302.0,0.3696488808,10002808693.555555,10014216530.714285,0,0.0
2026-06-26 14:30:00,10006211308.0,10030000000.0,9906575861.0,10010000003.0,0.3180305381,9999508659.88889,10014121769.571428,0,0.0
2026-06-26 15:30:00,10027794440.0,10075400000.0,10010000026.0,10026333169.0,0.3815478704,9992656789.777779,10016899539.47619,0,0.0
2026-06-26 16:30:00,10011001033.0,10072340902.0,9971761992.0,10028325968.0,0.2372498588,9987331998.666666,10015830179.904762,0,0.0
2026-06-26 17:30:00,10028325943.0,10028325943.0,9925313110.0,9925313110.0,0.3158569421,9975402983.444445,10010416518.47619,0,0.0
2026-06-26 18:30:00,9933528749.0,9933528749.0,9855000000.0,9879550121.0,0.4395693498,9962008552.444445,10002299857.571428,0,0.0
2026-06-26 19:30:00,9921112606.0,9960000000.0,9881508058.0,9960000000.0,0.3181401224,9963670519.11111,9996031506.428572,0,0.0
2026-06-26 20:30:00,9950269490.0,10000000000.0,9929468864.0,9975000037.0,0.1855060049,9963114967.666666,9992305387.142857,0,0.0
2026-06-26 21:30:00,9975880012.0,10020000000.0,9860000000.0,9996499012.0,0.3461079754,9978581413.555555,9991877115.619047,0,0.0
2026-06-26 22:30:00,9973492693.0,10000000000.0,9926066955.0,9989660243.0,0.0762760888,9976742407.0,9996146651.0,0,0.0
2026-06-26 23:30:00,9969643678.0,9999997889.0,9941425094.0,9957525959.0,0.0363180744,9970911957.666666,9996224276.0,0,0.0
2026-06-27 00:30:00,9942646715.0,9992359934.0,9920767569.0,9992359844.0,0.0425636448,9967137143.777779,9991996694.285715,0,0.0
2026-06-27 01:30:00,9946699945.0,10015920000.0,9946699944.0,10015920000.0,0.0247213212,9965758702.88889,9989607890.857143,0,0.0
2026-06-27 02:30:00,10015920000.0,10049999141.0,9994999497.0,10049998593.0,0.3257078219,9979612645.444445,9990098285.47619,0,0.0
2026-06-27 03:30:00,10020354015.0,10072000000.0,10002253073.0,10031740551.0,0.2611684443,9996522693.222221,9987419264.095238,1,1.0
2026-06-27 04:30:00,10040436857.0,10071999797.0,9994999497.0,10016840872.0,0.2191071622,10002838345.666666,9984590301.428572,1,0.0
2026-06-27 05:30:00,10016840872.0,10099999011.0,10007908495.0,10072000004.0,0.3068650603,10013616119.777779,9986462956.52381,1,0.0
2026-06-27 06:30:00,10073000004.0,10124444444.0,10072000000.0,10118900001.0,0.447156845,10027216229.666666,9992120099.428572,1,0.0
2026-06-27 07:30:00,10118900000.0,10123999313.0,10040000000.0,10086098129.0,0.3943553575,10037931550.333334,9998837043.666666,1,0.0
2026-06-27 08:30:00,10086098146.0,10110286041.0,10055130525.0,10073088002.0,0.1386004391,10050771777.333334,10003269805.666666,1,0.0
2026-06-27 09:30:00,10086009388.0,10133000000.0,10073088002.0,10133000000.0,0.3549565433,10066398461.333334,10016398329.52381,1,0.0
2026-06-27 10:30:00,10132999999.0,10140000000.0,10099749999.0,10099749999.0,0.2705107996,10075712905.666666,10020852553.190475,1,0.0
2026-06-27 11:30:00,10099587498.0,10132999988.0,10074500000.0,10094444392.0,0.1680461863,10080651327.777779,10024873714.571428,1,0.0
2026-06-27 12:30:00,10074500063.0,10130000000.0,10043000056.0,10051504241.0,0.2624861138,10082847293.333334,10026072337.047619,1,0.0
2026-06-27 13:30:00,10087900953.0,10100000000.0,10051510004.0,10100000000.0,0.1577583667,10092087196.444445,10029485386.190475,1,0.0
2026-06-27 14:30:00,10100000000.0,10156000000.0,10082009012.0,10149999999.0,0.3625026793,10100753862.555555,10040184761.857143,1,0.0
2026-06-27 15:30:00,10149999999.0,10156000000.0,10126000017.0,10151014992.0,0.2228817961,10104322194.88889,10053111660.47619,1,0.0
2026-06-27 16:30:00,10149444444.0,10189999997.0,10122377778.0,10150002000.0,0.2571250639,10111422625.0,10062159374.761906,1,0.0
2026-06-27 17:30:00,10150002000.0,10151499000.0,10108103706.0,10108103708.0,0.1718735636,10115313259.0,10068497644.809525,1,0.0
2026-06-27 18:30:00,10108103710.0,10167071048.0,10108103707.0,10150000001.0,0.2416352149,10117202148.0,10075807215.714285,1,0.0
2026-06-27 19:30:00,10150000000.0,10150000000.0,10080000000.0,10112354202.0,0.2314073779,10118602615.0,10081649785.190475,1,0.0
2026-06-27 20:30:00,10112384262.0,10140000000.0,10103921838.0,10111625334.0,0.2466283624,10120511608.555555,10088987850.666666,1,0.0
2026-06-27 21:30:00,10131999995.0,10140000000.0,10090223013.0,10115077380.0,0.1565967434,10127575290.666666,10094831542.857143,1,0.0
2026-06-27 22:30:00,10119999997.0,10138888888.0,10103080101.0,10120000001.0,0.1905244896,10129797513.0,10099787733.380953,1,0.0
2026-06-27 23:30:00,10103080153.0,10138000000.0,10082796684.0,10119999747.0,0.1141914654,10126464151.666666,10103121121.666666,1,0.0
2026-06-28 00:30:00,10137999999.0,10148000000.0,10119999747.0,10148000000.0,0.0741359151,10126129152.555555,10108657285.904762,1,0.0
2026-06-28 01:30:00,10148000000.0,10169689997.0,10123328608.0,10132315516.0,0.1067865891,10124163987.666666,10114156078.47619,1,0.0
2026-06-28 02:30:00,10165999687.0,10200000000.0,10140959117.0,10200000000.0,0.3339448845,10134374686.777779,10120251316.380953,1,0.0
2026-06-28 03:30:00,10200000000.0,10244343321.0,10167055474.0,10214256603.0,0.6521483646,10141514309.222221,10124792106.952381,1,0.0
2026-06-28 04:30:00,10214256610.0,10244254597.0,10167055474.0,10175202447.0,0.2714381355,10148497447.555555,10129035169.714285,1,0.0
2026-06-28 05:30:00,10174174174.0,10230936654.0,10161452571.0,10215000000.0,0.4217274844,10159983521.555555,10135792883.904762,1,0.0
2026-06-28 06:30:00,10215000000.0,10275000002.0,10213000000.0,10240000001.0,0.6720205766,10173863812.777779,10140888122.047619,1,0.0
2026-06-28 07:30:00,10240000005.0,10264999999.0,10190000001.0,10195025005.0,0.2092763605,10182199924.333334,10145425027.095238,1,0.0
2026-06-28 08:30:00,10219999997.0,10264999000.0,10195032008.0,10236020034.0,0.6259187593,10195091067.333334,10152166724.333334,1,0.0
2026-06-28 09:30:00,10236025036.0,10275000002.0,10230013008.0,10250000000.0,0.3888456147,10206424400.666666,10161618903.333334,1,0.0
2026-06-28 10:30:00,10250000000.0,10275000000.0,10191000110.0,10275000000.0,0.4904647004,10222278232.222221,10169952236.666666,1,0.0
2026-06-28 11:30:00,10275000002.0,10279999999.0,10243365745.0,10262000005.0,0.2129442698,10229167121.666666,10175285570.285715,1,0.0
2026-06-28 12:30:00,10270000000.0,10295898996.0,10230001000.0,10282906077.0,0.3829815552,10236794841.0,10181566098.142857,1,0.0
2026-06-28 13:30:00,10282906077.0,10298746636.0,10229890764.0,10272179551.0,0.2048707742,10247570074.777779,10187384076.761906,1,0.0
2026-06-28 14:30:00,10272179550.0,10289998325.0,10246752253.0,10258757269.0,0.2941668739,10252431993.555555,10194558055.857143,1,0.0
2026-06-28 15:30:00,10260343340.0,10267999000.0,10252769351.0,10254000001.0,0.4235986174,10253987549.11111,10199510436.809525,1,0.0
2026-06-28 16:30:00,10267999000.0,10295789654.0,10267999000.0,10295789654.0,0.5588292014,10265183621.222221,10208245458.333334,1,0.0
2026-06-28 17:30:00,10295789653.0,10420000000.0,10270000000.0,10372500461.0,1.3669750507,10280348113.11111,10220668083.428572,1,0.0
2026-06-28 18:30:00,10372500473.0,10375001000.0,10300000233.0,10300090001.0,0.396455254,10285913668.777779,10229478208.238094,1,0.0
2026-06-28 19:30:00,10300090001.0,10345142565.0,10270000222.0,10325384176.0,0.4229958742,10291511910.555555,10239258407.047619,1,0.0
2026-06-28 20:30:00,10325384176.0,10325384176.0,10200000000.0,10200000000.0,0.5257845537,10284623021.11111,10243067942.904762,1,0.0
2026-06-28 21:30:00,10214960107.0,10266917661.0,10119999747.0,10193800238.0,0.5547811518,10274722372.333334,10245248906.619047,1,0.0
2026-06-28 22:30:00,10193800194.0,10194000001.0,10081500000.0,10179999941.0,0.6783005029,10264480193.444445,10247519593.52381,1,0.0
2026-06-28 23:30:00,10188491050.0,10249999000.0,10143974611.0,10152000003.0,0.0546662301,10252618275.0,10245233879.380953,1,0.0
2026-06-29 00:30:00,10152000000.0,10222685115.0,10109999941.0,10189211533.0,0.0886475759,10245419556.333334,10244041257.0,1,0.0
2026-06-29 01:30:00,10189211533.0,10222685182.0,10149974074.0,10222685182.0,0.0892764186,10237296837.222221,10246302339.619047,0,-1.0
2026-06-29 02:30:00,10220003070.0,10329999310.0,10206625241.0,10300106833.0,0.1983249196,10229253100.777779,10250355045.952381,0,0.0
2026-06-29 03:30:00,10296374489.0,10329999306.0,10263367227.0,10329999305.0,0.2256116871,10232576356.777779,10254640727.095238,0,0.0
2026-06-29 04:30:00,10310035650.0,10340000000.0,10250000011.0,10274667396.0,0.210006602,10226941159.0,10258433221.904762,0,0.0
2026-06-29 05:30:00,10274667407.0,10345124001.0,10250004013.0,10311809731.0,0.1993685072,10239364462.444445,10262042255.095238,0,0.0
2026-06-29 06:30:00,10311809731.0,10360000000.0,10298657269.0,10349999977.0,0.3842740224,10256719989.0,10266804158.761906,0,0.0
2026-06-29 07:30:00,10356054271.0,10370000001.0,10282000061.0,10299999990.0,0.3473242046,10270053327.777779,10267994634.47619,1,1.0
2026-06-29 08:30:00,10282000061.0,10299999969.0,10200000000.0,10202248196.0,0.8215671863,10275636460.333334,10265149310.238094,1,0.0
2026-06-29 09:30:00,10202248205.0,10310313109.0,10202248205.0,10300000001.0,0.291153713,10287946290.11111,10265963306.619047,1,0.0
2026-06-29 10:30:00,10310313109.0,10310313110.0,10241502866.0,10259641092.0,0.2021533009,10292052502.333334,10265366237.142857,1,0.0
2026-06-29 11:30:00,10259641093.0,10326000000.0,10180000471.0,10299999883.0,0.490719917,10292040619.0,10267330171.142857,1,0.0
2026-06-29 12:30:00,10262839574.0,10302000005.0,10200000001.0,10211545896.0,0.3444344946,10278879129.11111,10265308547.095238,1,0.0
2026-06-29 13:30:00,10211545896.0,10240000000.0,10086399999.0,10177888407.0,0.8332762328,10268125908.11111,10259694202.0,1,0.0
2026-06-29 14:30:00,10156761984.0,10191313110.0,10085000002.0,10135000000.0,0.2578274069,10248480382.444445,10248384656.238094,1,0.0
2026-06-29 15:30:00,10135000000.0,10265027645.0,10135000000.0,10196934040.0,0.4207834385,10231473056.11111,10243472467.619047,0,-1.0
2026-06-29 16:30:00,10196934034.0,10350000000.0,10191000000.0,10319000292.0,0.8360842211,10233584200.777779,10243168473.142857,0,0.0
2026-06-29 17:30:00,10318134372.0,10334989999.0,10220318114.0,10329999000.0,0.64027229,10247778734.555555,10249358901.714285,0,0.0
2026-06-29 18:30:00,10329999000.0,10329999000.0,10238601380.0,10298999984.0,0.2773881158,10247667621.555555,10254368413.428572,0,0.0
2026-06-29 19:30:00,10293000000.0,10319999999.0,10254065532.0,10296500501.0,0.352592513,10251763111.444445,10259916059.142857,0,0.0
2026-06-29 20:30:00,10299999999.0,10319319319.0,10272155515.0,10288071946.0,0.1841346113,10250437785.11111,10266395675.47619,0,0.0
2026-06-29 21:30:00,10288071950.0,10333000000.0,10241999313.0,10312235884.0,0.4668774518,10261625561.555555,10272253977.904762,0,0.0
2026-06-29 22:30:00,10333000000.0,10333000000.0,10296666667.0,10297000045.0,0.0794821985,10274860188.0,10275792780.904762,0,0.0
2026-06-29 23:30:00,10297100001.0,10320000000.0,10255000559.0,10284742754.0,0.1247874232,10291498271.777779,10275061158.095238,1,1.0
2026-06-30 00:30:00,10250000036.0,10270868337.0,10235313110.0,10270000007.0,0.0288688626,10299616712.555555,10272204048.666666,1,0.0
2026-06-30 01:30:00,10279043424.0,10296666666.0,10266250000.0,10296666666.0,0.339795618,10297135198.555555,10273251632.952381,1,0.0
2026-06-30 02:30:00,10282464532.0,10309999970.0,10267100000.0,10272471155.0,0.136043575,10290743215.777779,10271378367.428572,1,0.0
2026-06-30 03:30:00,10299999991.0,10299999991.0,10209313110.0,10234093204.0,0.3182146752,10283531351.333334,10265858997.285715,1,0.0
2026-06-30 04:30:00,10230453099.0,10272471227.0,10191000000.0,10193000000.0,0.2932723388,10272031295.666666,10260763759.666666,1,0.0
2026-06-30 05:30:00,10194000001.0,10240250000.0,10194000001.0,10239999809.0,0.2506355479,10266689947.11111,10262561455.52381,1,0.0
2026-06-30 06:30:00,10232663945.0,10258313109.0,10219502000.0,10222855814.0,0.2480844952,10256758828.222221,10258887922.809525,0,-1.0
2026-06-30 07:30:00,10221119467.0,10224000020.0,10184300000.0,10189110313.0,0.4603252357,10244771080.222221,10255529314.285715,0,0.0
2026-06-30 08:30:00,10188009905.0,10196516007.0,10149331749.0,10149331749.0,0.5081002138,10229725413.0,10248354641.238094,0,0.0
2026-06-30 09:30:00,10146003000.0,10199999998.0,10140000000.0,10199999998.0,0.2157265373,10221947634.222221,10247804836.571428,0,0.0
2026-06-30 10:30:00,10199999998.0,10221025175.0,10191999959.0,10211111113.0,0.1678425624,10212441461.666666,10249386870.190475,0,0.0
2026-06-30 11:30:00,10211111112.0,10248000000.0,10157300002.0,10158000009.0,0.4915880258,10199722445.444445,10250482108.714285,0,0.0
2026-06-30 12:30:00,10202647644.0,10254313110.0,10115000000.0,10123200000.0,0.7902312552,10187400978.333334,10246970963.952381,0,0.0
2026-06-30 13:30:00,10123200001.0,10215853399.0,10101000000.0,10177000001.0,0.3361743794,10185623200.666666,10240209045.333334,0,0.0
2026-06-30 14:30:00,10180212657.0,10200000000.0,10104595648.0,10142063783.0,0.484329773,10174741420.0,10231259749.285715,0,0.0
2026-06-30 15:30:00,10142063783.0,10199093983.0,10107123008.0,10142784045.0,0.1782930773,10165844556.777779,10223820895.047619,0,0.0
2026-06-30 16:30:00,10181999639.0,10181999639.0,10142784045.0,10159999990.0,0.0896299136,10162610076.444445,10217320870.714285,0,0.0
2026-06-30 17:30:00,10145555574.0,10159999991.0,10142700002.0,10151000000.0,0.2447790792,10162795437.666666,10210793635.190475,0,0.0
2026-06-30 18:30:00,10157280754.0,10165348288.0,10125000000.0,10131000000.0,0.2154404327,10155128771.222221,10202163355.0,0,0.0
2026-06-30 19:30:00,10131500052.0,10197910790.0,10130000027.0,10146100555.0,0.6365505741,10147905375.88889,10194977665.0,0,0.0
2026-06-30 20:30:00,10148138763.0,10196999990.0,10135500066.0,10159999999.0,0.4265535225,10148127597.0,10189037533.809525,0,0.0
2026-06-30 21:30:00,10159999998.0,10200000000.0,10131000000.0,10154425802.0,0.1491064586,10151597130.555555,10183534000.238094,0,0.0
2026-06-30 22:30:00,10144604975.0,10200000000.0,10130000000.0,10154000217.0,0.0963494644,10149041599.0,10176740359.809525,0,0.0
2026-06-30 23:30:00,10154000217.0,10189999459.0,10125000000.0,10161830120.0,0.1490134079,10151237858.666666,10171471739.095238,0,0.0
2026-07-01 00:30:00,10125000000.0,10173260441.0,10100000000.0,10155999899.0,0.756927007,10152706286.88889,10167753010.285715,0,0.0
2026-07-01 01:30:00,10110934458.0,10245245005.0,10110934458.0,10199000000.0,0.1199633768,10157039621.333334,10168038724.571428,0,0.0
2026-07-01 02:30:00,10219999840.0,10250000000.0,10100000000.0,10187931369.0,0.1771203171,10161143106.777779,10165559275.047619,0,0.0
2026-07-01 03:30:00,10181555792.0,10244999999.0,10163261608.0,10211748993.0,0.2410341394,10170115217.11111,10165030378.809525,1,1.0
2026-07-01 04:30:00,10210107106.0,10254714712.0,10191519947.0,10249485435.0,0.5701875549,10181602426.0,10167905384.619047,1,0.0
2026-07-01 05:30:00,10222604435.0,10249485331.0,10165828783.0,10165828785.0,0.3664939463,10182250068.88889,10168690957.761906,1,0.0
2026-07-01 06:30:00,10178000000.0,10242000000.0,10150000000.0,10242000000.0,0.348157758,10191980535.333334,10170690957.857143,1,0.0
2026-07-01 07:30:00,10242000000.0,10270088588.0,10212000008.0,10253999983.0,0.4759666059,10203091620.444445,10172733285.0,1,0.0
2026-07-01 08:30:00,10240771456.0,10330000000.0,10240771456.0,10320997893.0,0.9335817182,10220776928.555555,10180495089.0,1,0.0
2026-07-01 09:30:00,10320997919.0,10320997919.0,10241007000.0,10299313110.0,0.3011199811,10236700618.666666,10188881427.571428,1,0.0
2026-07-01 10:30:00,10291372000.0,10312313110.0,10258000002.0,10285112661.0,0.6576818545,10246268692.11111,10194029649.47619,1,0.0
2026-07-01 11:30:00,10285112661.0,10298313104.0,10240001000.0,10240001012.0,0.3227139865,10252054208.0,10198693327.047619,1,0.0
2026-07-01 12:30:00,10240001000.0,10259999994.0,10200000000.0,10229899999.0,0.6156288276,10254070986.444445,10202841705.809525,1,0.0
2026-07-01 13:30:00,10229899999.0,10399999950.0,10214842322.0,10389177158.0,2.0751401142,10269592289.0,10213754904.285715,1,0.0
2026-07-01 14:30:00,10390000000.0,10490000000.0,10310000000.0,10480000000.0,1.0163717777,10304500201.777779,10229421570.952381,1,0.0
2026-07-01 15:30:00,10470000000.0,10484759000.0,10400017086.0,10472689020.0,0.5315436859,10330132315.11111,10245692476.666666,1,0.0
2026-07-01 16:30:00,10472689020.0,10491000000.0,10446633265.0,10490855585.0,0.4758524066,10356449604.222221,10262109382.857143,1,0.0
2026-07-01 17:30:00,10489918339.0,10550000000.0,10483150218.0,10492573037.0,0.492966053,10375513509.11111,10277946194.190475,1,0.0
2026-07-01 18:30:00,10492573037.0,10510000000.0,10485000000.0,10496706000.0,0.345271413,10397446052.444445,10294245251.238094,1,0.0
2026-07-01 19:30:00,10486706001.0,10510000000.0,10450000000.0,10494924004.0,0.5483584219,10420758423.88889,10310479717.285715,1,0.0
2026-07-01 20:30:00,10464590098.0,10580999999.0,10455992507.0,10580999999.0,1.1056978709,10458647200.222221,10330440187.714285,1,0.0
2026-07-01 21:30:00,10580999999.0,10744517198.0,10580999999.0,10621000050.0,0.7993980679,10502102761.444445,10352583052.047619,1,0.0
2026-07-01 22:30:00,10621000050.0,10621000050.0,10513142640.0,10530598335.0,0.4116769186,10517816225.555555,10368373448.952381,1,0.0
2026-07-01 23:30:00,10530598336.0,10566082670.0,10460585000.0,10460585000.0,0.2216494635,10515659003.333334,10381356955.190475,1,0.0
2026-07-02 00:30:00,10466030563.0,10500000000.0,10350000000.0,10500000000.0,0.2760275508,10518693556.666666,10395083193.619047,1,0.0
2026-07-02 01:30:00,10501840000.0,10565762548.0,10501840000.0,10525644903.0,0.0809388252,10522559036.444445,10408233644.47619,1,0.0
2026-07-02 02:30:00,10525644908.0,10599999992.0,10521855888.0,10561371423.0,0.1314458442,10530203301.555555,10427069008.190475,1,0.0
2026-07-02 03:30:00,10561371425.0,10690000000.0,10500000000.0,10650000003.0,0.5179981187,10547235968.555555,10446497579.761906,1,0.0
2026-07-02 04:30:00,10645000000.0,10649999996.0,10587065098.0,10605414670.0,0.2913587184,10559512709.222221,10463231612.47619,1,0.0
2026-07-02 05:30:00,10605414672.0,10638989999.0,10570000000.0,10596350000.0,0.2182597577,10561218264.88889,10476343617.571428,1,0.0
2026-07-02 06:30:00,10596350001.0,10648000002.0,10596350000.0,10620000017.0,0.3579825514,10561107150.11111,10491614422.666666,1,0.0
2026-07-02 07:30:00,10620000017.0,10668000000.0,10619461425.0,10619461425.0,0.3853890392,10570980826.777779,10507535792.380953,1,0.0
2026-07-02 08:30:00,10619461426.0,10661999999.0,10596350000.0,10658999999.0,0.3959749715,10593026937.777779,10527488125.095238,1,0.0
2026-07-02 09:30:00,10658999998.0,10789999999.0,10658999998.0,10784000000.0,1.0661023129,10624582493.333334,10553873839.428572,1,0.0
2026-07-02 10:30:00,10789999997.0,10798546208.0,10760000027.0,10780002002.0,0.4035627821,10652844393.222221,10572484546.285715,1,0.0
2026-07-02 11:30:00,10780002002.0,10797999312.0,10730000001.0,10793214561.0,0.6331102967,10678604741.88889,10587399525.380953,1,0.0
2026-07-02 12:30:00,10793214562.0,10900000000.0,10770219364.0,10884541653.0,1.2541649885,10704664925.222221,10607011555.52381,1,0.0
2026-07-02 13:30:00,10882131442.0,10950000000.0,10865000000.0,10875000001.0,1.0874759277,10734618850.88889,10625304146.761906,1,0.0
2026-07-02 14:30:00,10875000000.0,10882710420.0,10780514213.0,10863000000.0,0.789467814,10764246628.666666,10642943525.952381,1,0.0
2026-07-02 15:30:00,10863000000.0,10890000000.0,10780000000.0,10780000000.0,0.6849158847,10782024404.555555,10656433716.428572,1,0.0
2026-07-02 16:30:00,10810454000.0,10875555555.0,10780000000.0,10875000000.0,0.4087774462,10810417579.555555,10674532573.380953,1,0.0
2026-07-02 17:30:00,10875000000.0,10887999009.0,10835377809.0,10879999999.0,0.5456623944,10834973135.11111,10688770668.619047,1,0.0
2026-07-02 18:30:00,10887999473.0,10899999999.0,10837117691.0,10856666666.0,0.3282119228,10843047209.11111,10699992888.428572,1,0.0
2026-07-02 19:30:00,10856666666.0,10900554000.0,10850000000.0,10860000013.0,0.3677871593,10851935877.0,10715678682.619047,1,0.0
2026-07-02 20:30:00,10860000100.0,10885000000.0,10828100001.0,10865080006.0,0.1846220817,10859920926.444445,10734940349.571428,1,0.0
2026-07-02 21:30:00,10865078001.0,10909313110.0,10865078000.0,10888221410.0,0.1874353555,10860329788.333334,10753427083.380953,1,0.0
2026-07-02 22:30:00,10887737805.0,10902997979.0,10851580630.0,10862000009.0,0.1717449887,10858885344.777779,10769443993.190475,1,0.0
2026-07-02 23:30:00,10862000004.0,10900000000.0,10862000003.0,10870000286.0,0.0624060167,10859663154.333334,10784140605.714285,1,0.0
2026-07-03 00:30:00,10870000185.0,10886733159.0,10850000005.0,10871999986.0,0.0800242392,10869885375.0,10794712033.47619,1,0.0
2026-07-03 01:30:00,10871999986.0,10890000018.0,10862000000.0,10862000000.0,0.1272419287,10868440930.555555,10806930382.52381,1,0.0
2026-07-03 02:30:00,10862000000.0,10890000019.0,10850000000.0,10890000019.0,0.1653641156,10869552043.88889,10820913716.761906,1,0.0
2026-07-03 03:30:00,10890000019.0,10894000000.0,10850000000.0,10850000001.0,0.1129565813,10868811303.333334,10831866096.952381,1,0.0
2026-07-03 04:30:00,10850000001.0,10879999899.0,10830255701.0,10852737471.0,0.1588922014,10868004354.222221,10842974480.095238,1,0.0
2026-07-03 05:30:00,10852737472.0,10894000000.0,10850000001.0,10857253121.0,0.1173823692,10867134700.333334,10852415104.952381,1,0.0
2026-07-03 06:30:00,10857253132.0,10882999968.0,10850000000.0,10858652255.0,0.0967485377,10863849238.666666,10855969974.238094,1,0.0
2026-07-03 07:30:00,10858652255.0,10880006998.0,10850000001.0,10874999994.0,0.3197185574,10865293681.444445,10860493688.142857,1,0.0
2026-07-03 08:30:00,10875000000.0,10877000077.0,10800000000.0,10823890492.0,0.4465987756,10860170371.0,10861954446.761906,0,-1.0
2026-07-03 09:30:00,10823890225.0,10849999998.0,10800000180.0,10825187552.0,0.4758161378,10854968989.444445,10859128061.0,0,0.0
2026-07-03 10:30:00,10843999997.0,10940000000.0,10821243038.0,10940000000.0,0.7155205778,10863635656.11111,10862223299.047619,1,1.0
2026-07-03 11:30:00,10938879000.0,10945313110.0,10900000010.0,10915015053.0,0.4974907287,10866415104.333334,10864700206.333334,1,0.0
2026-07-03 12:30:00,10934999997.0,10944999998.0,10901006471.0,10927999999.0,0.1898828567,10875081770.777779,10871747825.333334,1,0.0
2026-07-03 13:30:00,10918000000.0,10933000000.0,10890000000.0,10914762315.0,0.4314984408,10881973420.11111,10873641268.904762,1,0.0
2026-07-03 14:30:00,10911999959.0,10940000000.0,10890000024.0,10891213809.0,0.4373993901,10885746829.88889,10874175259.857143,1,0.0
2026-07-03 15:30:00,10891213809.0,10905000000.0,10850000000.0,10900000000.0,0.3216853047,10890341023.777779,10876238751.952381,1,0.0
2026-07-03 16:30:00,10891012345.0,10945000879.0,10856436160.0,10914235125.0,0.3106939472,10894700482.777779,10878821376.333334,1,0.0
2026-07-03 17:30:00,10914235130.0,10949313110.0,10900000000.0,10900000377.0,0.1979659952,10903157136.666666,10880484251.142857,1,0.0
2026-07-03 18:30:00,10934599996.0,10934608578.0,10885211007.0,10885211038.0,0.1693910671,10909826412.88889,10880340900.095238,1,0.0
2026-07-03 19:30:00,10885211039.0,10949313110.0,10885211039.0,10940000001.0,0.4266686676,10909826413.0,10884055185.428572,1,0.0
2026-07-03 20:30:00,10940000000.0,11000000000.0,10921900117.0,10969000000.0,0.5958927147,10915824740.444445,10888769457.52381,1,0.0
2026-07-03 21:30:00,10969000000.0,10969000000.0,10940000001.0,10940000999.0,0.2221225791,10917158184.88889,10892007601.0,1,0.0
2026-07-03 22:30:00,10968000000.0,10968000000.0,10935000001.0,10936000004.0,0.1744782785,10919517928.11111,10895531410.714285,1,0.0
2026-07-03 23:30:00,10960000000.0,10999999937.0,10936000000.0,10950000194.0,0.2090830323,10926049748.666666,10898388561.904762,1,0.0
2026-07-04 00:30:00,10950000002.0,10999875308.0,10936000000.0,10941998383.0,0.0728109456,10930716235.666666,10902769437.238094,1,0.0
2026-07-04 01:30:00,10944719955.0,10964566432.0,10936000000.0,10936000037.0,0.0835129758,10933134559.222221,10906734321.333334,1,0.0
2026-07-04 02:30:00,10936000000.0,10964556209.0,10935000100.0,10937000551.0,0.1333229099,10937245689.666666,10910531818.0,1,0.0
2026-07-04 03:30:00,10937000551.0,10984999998.0,10937000518.0,10938500002.0,0.2565546101,10943166685.666666,10914334091.666666,1,0.0
2026-07-04 04:30:00,10938500002.0,10969999981.0,10907000004.0,10911436527.0,0.3028597549,10939992966.333334,10916069164.666666,1,0.0
2026-07-04 05:30:00,10911436527.0,10969999999.0,10911429527.0,10932140465.0,0.3687168382,10935897462.444445,10921223925.285715,1,0.0
2026-07-04 06:30:00,10932171481.0,10974000000.0,10922100021.0,10931000018.0,0.2154337267,10934897353.444445,10926262614.142857,1,0.0
2026-07-04 07:30:00,10935000000.0,10935000000.0,10915000000.0,10915000001.0,0.1888216699,10932564019.777779,10925072138.0,1,0.0
2026-07-04 08:30:00,10929599999.0,10932000000.0,10815319110.0,10820000000.0,0.4041240382,10918119553.777779,10920547611.666666,0,-1.0
2026-07-04 09:30:00,10820000000.0,10850390960.0,10810225000.0,10810225000.0,0.3818657304,10903478066.777779,10914939278.380953,0,0.0
2026-07-04 10:30:00,10820000000.0,10849999703.0,10800313110.0,10800381000.0,0.4152310487,10888409284.88889,10909492549.095238,0,0.0
2026-07-04 11:30:00,10800380000.0,10890000000.0,10800380000.0,10882210797.0,0.380455731,10882321534.444445,10909063834.238094,0,0.0
2026-07-04 12:30:00,10880000000.0,10888000000.0,10851591782.0,10877999991.0,0.3063266495,10875599311.0,10908016214.761906,0,0.0
2026-07-04 13:30:00,10877999990.0,10887999930.0,10852000247.0,10855978330.0,0.1862055198,10869437289.11111,10905242081.666666,0,0.0
2026-07-04 14:30:00,10855978330.0,10877999973.0,10824000000.0,10877999973.0,0.5041623194,10863421678.88889,10904194443.380953,0,0.0
2026-07-04 15:30:00,10877999973.0,10945999999.0,10860000012.0,10938999991.0,0.5123158786,10864310564.777779,10906755822.095238,0,0.0
2026-07-04 16:30:00,10923000001.0,10937999997.0,10870000000.0,10870101001.0,0.1947619522,10859321787.0,10903427298.285715,0,0.0
2026-07-04 17:30:00,10870111003.0,10970000000.0,10870111003.0,10966901932.0,0.6202578512,10875644223.88889,10903327390.285715,0,0.0
2026-07-04 18:30:00,10966901920.0,10966901920.0,10920000004.0,10963010992.0,0.2100012624,10892620445.222221,10904423104.238094,0,0.0
2026-07-04 19:30:00,10940057050.0,10964999953.0,10920000010.0,10920000010.0,0.3276640906,10905911446.333334,10903661199.761906,1,1.0
2026-07-04 20:30:00,10939999935.0,10962998999.0,10920000010.0,10960000000.0,0.3546498384,10914554691.11111,10904137381.0,1,0.0
2026-07-04 21:30:00,10960000000.0,10971000001.0,10931139149.0,10963010990.0,0.3227763477,10924000357.666666,10905137981.333334,1,0.0
2026-07-04 22:30:00,10971000000.0,10973999939.0,10932000000.0,10935677111.0,0.0915946344,10932855777.777779,10905122603.904762,1,0.0
2026-07-04 23:30:00,10939413456.0,10973999737.0,10932000000.0,10932000000.0,0.0436987082,10938855780.777779,10904884482.428572,1,0.0
2026-07-05 00:30:00,10932000222.0,10932000222.0,10920000004.0,10920000004.0,0.0605144739,10936744671.11111,10904003530.142857,1,0.0
2026-07-05 01:30:00,10922222800.0,10924000200.0,10900000000.0,10900001011.0,0.0610838598,10940066894.444445,10903458981.761906,1,0.0
2026-07-05 02:30:00,10900003042.0,10924000062.0,10897000000.0,10897005525.0,0.0965518388,10932300627.0,10901785889.380953,1,0.0
2026-07-05 03:30:00,10897001508.0,10926000000.0,10880000029.0,10926000000.0,0.1372553417,10928188294.555555,10901547793.285715,1,0.0
2026-07-05 04:30:00,10922323729.0,10960000009.0,10904482275.0,10904482275.0,0.1429216306,10926464101.777779,10901046949.190475,1,0.0
2026-07-05 05:30:00,10919968082.0,10921860094.0,10850000000.0,10855662100.0,0.3071680985,10914871001.777779,10902745144.428572,1,0.0
2026-07-05 06:30:00,10880000204.0,10955616667.0,10855662118.0,10881001000.0,0.2728884671,10905758780.666666,10906115430.142857,0,-1.0
2026-07-05 07:30:00,10900000001.0,10955616655.0,10892518234.0,10920000000.0,0.2732029712,10904016879.444445,10911811573.0,0,0.0
2026-07-05 08:30:00,10948999999.0,10951996995.0,10920000000.0,10922000000.0,0.2133261575,10902905768.333334,10913706296.952381,0,0.0
2026-07-05 09:30:00,10922000000.0,10922000000.0,10881000000.0,10891000065.0,0.3021544024,10899683552.88889,10914325348.095238,0,0.0
2026-07-05 10:30:00,10909996988.0,10909996988.0,10881000000.0,10900000000.0,0.2584964441,10899683440.555555,10916421618.095238,0,0.0
2026-07-05 11:30:00,10899999996.0,10900000000.0,10852000000.0,10870999000.0,0.2026426677,10896793826.666666,10916088238.428572,0,0.0
2026-07-05 12:30:00,10870000001.0,10899999988.0,10869000000.0,10890000000.0,0.1842662432,10892793826.666666,10913754905.52381,0,0.0
2026-07-05 13:30:00,10890000000.0,10908000000.0,10869000002.0,10888358344.0,0.2353926172,10891002278.777779,10914624302.809525,0,0.0
2026-07-05 14:30:00,10905999998.0,10940000000.0,10878619694.0,10888888888.0,0.1947348672,10894694144.11111,10910909395.952381,0,0.0
2026-07-05 15:30:00,10880941541.0,10935900300.0,10880000012.0,10885021006.0,0.1876066314,10895140811.444445,10907195587.095238,0,0.0
2026-07-05 16:30:00,10885021005.0,10918999979.0,10880000000.0,10918999900.0,0.3522644281,10895029689.222221,10907147962.809525,0,0.0
2026-07-05 17:30:00,10900000006.0,10920000000.0,10887090009.0,10887090012.0,0.1582290006,10891150801.666666,10903676058.619047,0,0.0
2026-07-05 18:30:00,10914999998.0,10935900270.0,10883267245.0,10923333334.0,0.2857807925,10894743387.11111,10901786646.428572,0,0.0
2026-07-05 19:30:00,10935897270.0,10950000000.0,10923333335.0,10945998006.0,0.2227041165,10899854276.666666,10902278117.619047,0,0.0
2026-07-05 20:30:00,10927590000.0,10950000000.0,10923666666.0,10948256089.0,0.1284877641,10908438397.666666,10903052217.095238,1,1.0
2026-07-05 21:30:00,10948256089.0,11111111111.0,10948256089.0,11088000000.0,0.6494471251,10930438397.666666,10911052216.904762,1,0.0
2026-07-05 22:30:00,11088000000.0,11135018997.0,11081318648.0,11111111111.0,0.8382928679,10955188705.11111,10921105078.809525,1,0.0
2026-07-05 23:30:00,11111111111.0,11138887999.0,11084000019.0,11090000000.0,0.4553108721,10977534384.222221,10930295291.904762,1,0.0
2026-07-06 00:30:00,11086001253.0,11138000000.0,11081565863.0,11120756614.0,0.1738805167,11003727229.555555,10939569416.380953,1,0.0
2026-07-06 01:30:00,11133333333.0,11137999998.0,11095390846.0,11095390971.0,0.0791117214,11023326237.444445,10948660306.666666,1,0.0
2026-07-06 02:30:00,11095000001.0,11120000000.0,11050000000.0,11050000000.0,0.200823652,11041427347.222221,10957914492.380953,1,0.0
2026-07-06 03:30:00,11051003994.0,11064999998.0,11021234567.0,11041785714.0,0.2604804777,11054588722.777779,10965570907.333334,1,0.0
2026-07-06 04:30:00,11024426779.0,11064999998.0,11020000000.0,11020000000.0,0.2000413668,11062811166.555555,10970332812.095238,1,0.0
2026-07-06 05:30:00,11018333212.0,11137000000.0,10950100000.0,11051000000.0,0.476565202,11074227156.666666,10976475669.238094,1,0.0
2026-07-06 06:30:00,11051000000.0,11084999713.0,11027005407.0,11057999960.0,0.1735354618,11070893818.88889,10984428045.190475,1,0.0
2026-07-06 07:30:00,11028718003.0,11055650536.0,11009728372.0,11009728397.0,0.2803258226,11059629072.88889,10989653206.952381,1,0.0
2026-07-06 08:30:00,11009900010.0,11047999783.0,10980003006.0,10980003006.0,0.3408039149,11047407184.666666,10994843873.904762,1,0.0
2026-07-06 09:30:00,10981999999.0,11022527567.0,10962001000.0,10997386179.0,0.2715167297,11033699358.555555,10999957501.47619,1,0.0
2026-07-06 10:30:00,10998386179.0,11026932511.0,10970949342.0,10990948000.0,0.210009264,11022094584.0,11004842723.190475,1,0.0
2026-07-06 11:30:00,10990948000.0,11021794521.0,10817000017.0,10854329481.0,0.9079836354,11000353415.222221,11003197037.142857,0,-1.0
2026-07-06 12:30:00,10836521655.0,10875199994.0,10750000000.0,10766473207.0,0.9383685398,10969763136.666666,10997551903.857143,0,0.0
2026-07-06 13:30:00,10766473207.0,10875199994.0,10750000001.0,10845555556.0,0.6485870545,10950380420.666666,10994054554.142857,0,0.0
2026-07-06 14:30:00,10845555556.0,10940000000.0,10800000000.0,10910000000.0,0.3016365159,10934713754.0,10995145505.952381,0,0.0
2026-07-06 15:30:00,10910000000.0,11099999997.0,10800205555.0,11077000002.0,1.214733519,10936824869.777779,11002462966.333334,0,0.0
2026-07-06 16:30:00,11076995000.0,11099999000.0,11070082533.0,11099000000.0,0.6096092383,10946743936.777779,11009748775.571428,0,0.0
2026-07-06 17:30:00,11099000000.0,11099999999.0,11099000000.0,11099000000.0,0.5873938883,10959965825.0,11016927057.047619,0,0.0
2026-07-06 18:30:00,11099000000.0,11130000000.0,11099000000.0,11119313114.0,0.325254002,10973513262.222221,11018418157.714285,0,0.0
2026-07-06 19:30:00,11129000000.0,11130000000.0,11070082533.0,11070082534.0,0.4231865693,10982305988.222221,11016464415.952381,0,0.0
2026-07-06 20:30:00,11070082534.0,11200000000.0,11070082533.0,11161000002.0,0.8593409369,11016380490.555555,11019845368.428572,0,0.0
2026-07-06 21:30:00,11162000000.0,11196498454.0,11122306876.0,11187000997.0,0.4203008906,11063105800.555555,11022999862.857143,1,1.0
2026-07-06 22:30:00,11187000000.0,11196498454.0,11160000009.0,11160000009.0,0.1824413193,11098044073.11111,11026076483.714285,1,0.0
2026-07-06 23:30:00,11160000009.0,11170000000.0,11123000009.0,11169999987.0,0.1151719052,11126932960.555555,11031790768.809525,1,0.0
2026-07-07 00:30:00,11169999987.0,11169999997.0,11100000023.0,11100000125.0,0.1391538885,11129488529.777779,11034562883.619047,1,0.0
2026-07-07 01:30:00,11100000134.0,11120403508.0,11081000010.0,11090000000.0,0.1008195259,11128488529.777779,11037896216.952381,1,0.0
2026-07-07 02:30:00,11090000000.0,11136721286.0,10936000000.0,11000913000.0,0.6843732488,11117589974.222221,11035511121.714285,1,0.0
2026-07-07 03:30:00,10998190282.0,11032999974.0,10974828104.0,11015233862.0,0.2005621288,11106025612.88889,11033474640.857143,1,0.0
2026-07-07 04:30:00,11015233862.0,11015999999.0,10980065112.0,10987956092.0,0.2334851733,11096900452.666666,11032437864.428572,1,0.0
2026-07-07 05:30:00,11015998955.0,11074411209.0,10987000000.0,11036000000.0,0.272687844,11083011563.555555,11035104387.952381,1,0.0
2026-07-07 06:30:00,11019802410.0,11150000000.0,11015779986.0,11074000014.0,0.2960963856,11070455898.777779,11038752665.809525,1,0.0
2026-07-07 07:30:00,11074000015.0,11089999991.0,10986001009.0,11036804273.0,0.3110761791,11056767483.666666,11040936297.857143,1,0.0
2026-07-07 08:30:00,11036804274.0,11058990000.0,11004364070.0,11033990061.0,0.2709416638,11041655269.666666,11049491563.571428,0,-1.0
2026-07-07 09:30:00,11033990062.0,11129369994.0,11033990033.0,11100000000.0,0.2694911991,11041655255.777779,11065373791.809525,0,0.0
2026-07-07 10:30:00,11100000000.0,11109000003.0,11056367395.0,11061490894.0,0.2049661538,11038487577.333334,11075656426.952381,0,0.0
2026-07-07 11:30:00,11061490893.0,11188000000.0,11061111590.0,11180000001.0,0.7205313682,11058386133.0,11088513569.857143,0,0.0
2026-07-07 12:30:00,11180000001.0,11188000000.0,11050000000.0,11050000000.0,0.4046433475,11062249037.222221,11087227855.47619,0,0.0
2026-07-07 13:30:00,11050000000.0,11128768092.0,11050000000.0,11072030946.0,0.3234089,11071590687.666666,11085943614.809525,0,0.0
2026-07-07 14:30:00,11094010087.0,11188000000.0,11000250000.0,11175787580.0,0.8081204976,11087122641.0,11089600166.238094,0,0.0
2026-07-07 15:30:00,11172790767.0,11353326466.0,11164800132.0,11239999999.0,1.4895961468,11105567083.777779,11095347160.761906,1,1.0
2026-07-07 16:30:00,11239999998.0,11253997998.0,11210626026.0,11225598957.0,0.4262983358,11126544270.88889,11102752704.714285,1,0.0
2026-07-07 17:30:00,11245999997.0,11250000000.0,11212571347.0,11227222223.0,0.3110944552,11148014511.11111,11105906143.809525,1,0.0
2026-07-07 18:30:00,11218082441.0,11249999999.0,11156852000.0,11237459253.0,0.5914740937,11163287761.444445,11108308917.904762,1,0.0
2026-07-07 19:30:00,11237459253.0,11298999998.0,11174659295.0,11242440339.0,0.5606602287,11183393255.333334,11112234647.904762,1,0.0
2026-07-07 20:30:00,11267817603.0,11300000001.0,11242440339.0,11269000000.0,0.5367406955,11193282144.11111,11116948934.238094,1,0.0
2026-07-07 21:30:00,11269000000.0,11280000000.0,11200000000.0,11232170691.0,0.4659528876,11213523332.0,11123242770.714285,1,0.0
2026-07-07 22:30:00,11232170691.0,11285499999.0,11232170690.0,11285499999.0,0.2107674339,11237242115.666666,11132552294.47619,1,0.0
2026-07-07 23:30:00,11285499998.0,11285500000.0,11202029723.0,11244000000.0,0.1227894297,11244821273.444445,11144127865.904762,1,0.0
2026-07-08 00:30:00,11244000000.0,11280999997.0,11216313764.0,11267081254.0,0.0653256166,11247830301.777779,11156120598.857143,1,0.0
2026-07-08 01:30:00,11254456862.0,11276349736.0,11150000002.0,11207119182.0,0.2027670434,11245776993.444445,11166556936.47619,1,0.0
2026-07-08 02:30:00,11200000000.0,11234845812.0,11137500000.0,11201000001.0,0.1063246754,11242863413.222221,11174414079.380953,1,0.0
2026-07-08 03:30:00,11201000000.0,11220000000.0,11113767346.0,11122221896.0,0.3431563293,11230059262.444445,11176710359.47619,1,0.0
2026-07-08 04:30:00,11166954562.0,11166954608.0,11101000001.0,11105000000.0,0.2489139673,11214788113.666666,11179957775.047619,1,0.0
2026-07-08 05:30:00,11101000001.0,11139895476.0,11101000000.0,11137000000.0,0.2954507028,11200121447.0,11184863010.238094,1,0.0
2026-07-08 06:30:00,11125009002.0,11189999999.0,11125000000.0,11189908129.0,0.6831528259,11195425606.777779,11189144349.714285,1,0.0
2026-07-08 07:30:00,11189908129.0,11223000000.0,11107880000.0,11110000000.0,0.4951735431,11175925606.88889,11191454307.142857,0,-1.0
2026-07-08 08:30:00,11137879995.0,11194999975.0,11104000000.0,11144999991.0,0.5325757362,11164925605.88889,11189787640.0,0,0.0
2026-07-08 09:30:00,11144999991.0,11199000000.0,11125000017.0,11198999000.0,0.580648154,11157360911.0,11196882830.47619,0,0.0
2026-07-08 10:30:00,11197686584.0,11200001001.0,11180742001.0,11180742003.0,0.4331652045,11154430113.333334,11202059547.47619,0,0.0
2026-07-08 11:30:00,11180742100.0,11208000000.0,11150000000.0,11199195848.0,0.3178556706,11154229651.88889,11203174226.904762,0,0.0
2026-07-08 12:30:00,11168867671.0,11192000000.0,11082222236.0,11082999999.0,0.4944343555,11149871663.333334,11195698036.428572,0,0.0
2026-07-08 13:30:00,11083000999.0,11143863423.0,11080000000.0,11131564678.0,0.3981294458,11152823294.222221,11191220213.619047,0,0.0
2026-07-08 14:30:00,11131564679.0,11146666666.0,11090000100.0,11118999000.0,0.305962674,11150823183.11111,11186066726.809525,0,0.0
2026-07-08 15:30:00,11118998999.0,11176666666.0,11105555555.0,11176000000.0,0.281294499,11149277835.444445,11183140095.714285,0,0.0
2026-07-08 16:30:00,11176000001.0,11188878163.0,11119157404.0,11178999989.0,0.2732773489,11156944500.88889,11180119126.666666,0,0.0
2026-07-08 17:30:00,11171009963.0,11178999900.0,11122000001.0,11167999991.0,0.1584608342,11159500056.444445,11175309602.428572,0,0.0
2026-07-08 18:30:00,11167999966.0,11178999990.0,11105555558.0,11125251943.0,0.2452756879,11151305939.0,11170218233.47619,0,0.0
2026-07-08 19:30:00,11126251944.0,11200000000.0,11109282135.0,11179838170.0,0.4111112821,11151205513.11111,11165186717.809525,0,0.0
2026-07-08 20:30:00,11179838170.0,11191999000.0,11131098689.0,11131099690.0,0.1552593164,11143639273.333334,11159810512.571428,0,0.0
2026-07-08 21:30:00,11150559806.0,11171617002.0,11124000000.0,11171617002.0,0.259358996,11153485607.0,11155264595.809525,0,0.0
2026-07-08 22:30:00,11171617002.0,11191890840.0,11171617002.0,11183164989.0,0.14022773,11159218974.88889,11154123919.952381,1,1.0
2026-07-08 23:30:00,11191890840.0,11191998000.0,11171618910.0,11171618910.0,0.112228324,11165065631.555555,11152724820.380953,1,0.0
2026-07-09 00:30:00,11171618911.0,11220099966.0,11171618910.0,11220099966.0,0.320066145,11169965627.777779,11157385680.857143,1,0.0
2026-07-09 01:30:00,11220000000.0,11220000000.0,11130713128.0,11179999989.0,0.0381040399,11170076738.88889,11160957108.904762,1,0.0
2026-07-09 02:30:00,11179999984.0,11197007774.0,11122101196.0,11122101206.0,0.078815456,11164976873.88889,11160247642.52381,1,0.0
2026-07-09 03:30:00,11122101196.0,11164999832.0,11118620863.0,11154243741.0,0.1370522957,11168198184.777779,11158549338.333334,1,0.0
2026-07-09 04:30:00,11136103782.0,11237865087.0,11128371129.0,11168507752.0,0.3423121818,11166939249.444445,11161335421.761906,1,0.0
2026-07-09 05:30:00,11168507752.0,11273860590.0,11168507750.0,11268888888.0,0.3009460822,11182249160.333334,11167234893.047619,1,0.0
2026-07-09 06:30:00,11250294563.0,11344000000.0,11250294563.0,11310000001.0,0.897991862,11197625049.11111,11172520655.0,1,0.0
2026-07-09 07:30:00,11310000001.0,11500000000.0,11300089899.0,11379999887.0,1.1010990923,11219495593.333334,11182009125.666666,1,0.0
2026-07-09 08:30:00,11379999888.0,11379999888.0,11323123457.0,11341999999.0,0.3370525794,11238426825.444445,11188809323.333334,1,0.0
2026-07-09 09:30:00,11339492094.0,11359999997.0,11311301000.0,11331000005.0,0.4117844703,11250749052.0,11200618847.428572,1,0.0
2026-07-09 10:30:00,11335004008.0,11375370809.0,11330000022.0,11355265551.0,0.4774687237,11270223003.333334,11211271269.952381,1,0.0
2026-07-09 11:30:00,11355265554.0,11383000000.0,11350000001.0,11375737543.0,0.2549667578,11298404818.555555,11223496914.857143,1,0.0
2026-07-09 12:30:00,11375737543.0,11383000000.0,11320000000.0,11363999981.0,0.4541534428,11321711067.444445,11232449294.904762,1,0.0
2026-07-09 13:30:00,11362999994.0,11383000000.0,11314000000.0,11328967670.0,0.4132063123,11339539947.222221,11239590613.047619,1,0.0
2026-07-09 14:30:00,11328967670.0,11379900000.0,11328967670.0,11361007748.0,0.1749816975,11349775376.11111,11248781458.619047,1,0.0
2026-07-09 15:30:00,11361007748.0,11373700207.0,11331000008.0,11348999971.0,0.3453014366,11354108706.11111,11259436126.619047,1,0.0
2026-07-09 16:30:00,11331622082.0,11348999965.0,11320000009.0,11328980015.0,0.323315868,11348439831.444445,11266538119.238094,1,0.0
2026-07-09 17:30:00,11328980015.0,11402027507.0,11311301000.0,11400000000.0,0.8521453406,11354884276.0,11279342895.904762,1,0.0
2026-07-09 18:30:00,11402026507.0,11430000120.0,11365864736.0,11387602222.0,0.4940582758,11361173411.222221,11289627906.380953,1,0.0
2026-07-09 19:30:00,11387601221.0,11417999994.0,11366058056.0,11405000000.0,0.5165585182,11366699461.11111,11300191478.333334,1,0.0
2026-07-09 20:30:00,11394667009.0,11414999849.0,11365900004.0,11389410479.0,0.2507691546,11368218676.222221,11310562505.428572,1,0.0
2026-07-09 21:30:00,11389410475.0,11420000000.0,11389410475.0,11391000000.0,0.386285078,11371218678.333334,11318700602.285715,1,0.0
2026-07-09 22:30:00,11409999900.0,11419999987.0,11378646532.0,11389000000.0,0.230440009,11377888937.222221,11328652983.761906,1,0.0
2026-07-09 23:30:00,11378702532.0,11399999913.0,11378646532.0,11389291937.0,0.0955563266,11381031624.88889,11341376351.904762,1,0.0
2026-07-10 00:30:00,11380000000.0,11388174814.0,11320000000.0,11379999957.0,0.1445148258,11384476067.777779,11352126647.904762,1,0.0
2026-07-10 01:30:00,11379999958.0,11449999966.0,11376283369.0,11437783964.0,0.3776077423,11396565395.444445,11364949324.666666,1,0.0
2026-07-10 02:30:00,11437783964.0,11449999966.0,11400000000.0,11400000000.0,0.1864600822,11396565395.444445,11371192710.952381,1,0.0
2026-07-10 03:30:00,11394000000.0,11429898977.0,11360000110.0,11400000009.0,0.1174250905,11397942927.333334,11375478425.619047,1,0.0
2026-07-10 04:30:00,11417999990.0,11449763742.0,11386890098.0,11411000091.0,0.1420602093,11398609604.11111,11376954625.809525,1,0.0
2026-07-10 05:30:00,11411000109.0,11449899900.0,11410000003.0,11411015030.0,0.2076983534,11401010109.777779,11380241055.857143,1,0.0
2026-07-10 06:30:00,11411586212.0,11423999999.0,11360000112.0,11401249958.0,0.2628616067,11402148994.0,11383586291.714285,1,0.0
2026-07-10 07:30:00,11406999999.0,11445000000.0,11375000000.0,11430000000.0,0.2723382488,11406704549.555555,11387145075.0,1,0.0
2026-07-10 08:30:00,11420576668.0,11448039977.0,11401003006.0,11439999983.0,0.2654520718,11412338776.88889,11390205191.190475,1,0.0
2026-07-10 09:30:00,11415000006.0,11439999989.0,11400000000.0,11400008098.0,0.3749098477,11414561903.666666,11391919863.428572,1,0.0
2026-07-10 10:30:00,11400300002.0,11440000000.0,11400300002.0,11438399000.0,0.2964266957,11414630241.0,11397130879.142857,1,0.0
2026-07-10 11:30:00,11440000000.0,11488888888.0,11420000000.0,11488888888.0,0.5395970751,11424506784.11111,11403220457.238094,1,0.0
2026-07-10 12:30:00,11488888888.0,11488888888.0,11461000000.0,11461223222.0,0.1900785849,11431309363.333334,11408564421.571428,1,0.0
2026-07-10 13:30:00,11461223222.0,11500000000.0,11430000000.0,11430000002.0,0.755371243,11433420464.555555,11413374897.142857,1,0.0
2026-07-10 14:30:00,11430000002.0,11461000000.0,11404999989.0,11447000000.0,0.3022625181,11437418794.555555,11415612992.380953,1,0.0
2026-07-10 15:30:00,11447000000.0,11449999954.0,11407000000.0,11409000007.0,0.1973389062,11438279911.11111,11416631934.52381,1,0.0
2026-07-10 16:30:00,11415000000.0,11425000000.0,11406000000.0,11420000000.0,0.353073874,11437168800.0,11417346220.238094,1,0.0
2026-07-10 17:30:00,11420000000.0,11424999992.0,11380395824.0,11390005001.0,0.3335609034,11431613802.0,11417374530.809525,1,0.0
2026-07-10 18:30:00,11392999997.0,11392999999.0,11351231233.0,11362000001.0,0.1750018826,11427390680.11111,11415993578.47619,1,0.0
2026-07-10 19:30:00,11362000001.0,11386213900.0,11340500101.0,11342500000.0,0.3716241344,11416735235.666666,11413779292.761906,1,0.0
2026-07-10 20:30:00,11342500001.0,11356789001.0,11340600000.0,11341647022.0,0.4533323265,11400375028.333334,11411510487.285715,0,-1.0
2026-07-10 21:30:00,11350000000.0,11392899898.0,11340600000.0,11389734002.0,0.3884192889,11392431781.666666,11411974013.238094,0,0.0
2026-07-10 22:30:00,11389734003.0,11405000000.0,11382000001.0,11385000006.0,0.2658402913,11387431782.11111,11409460491.428572,0,0.0
2026-07-10 23:30:00,11382002007.0,11393974433.0,11330000000.0,11334468214.0,0.2147276175,11374928250.333334,11406339930.190475,0,0.0
2026-07-11 00:30:00,11334468218.0,11360000000.0,11322000000.0,11349999997.0,0.0708075683,11368372693.666666,11403958977.238094,0,0.0
2026-07-11 01:30:00,11349999997.0,11404342901.0,11349999997.0,11361011118.0,0.0469733101,11361818373.444445,11401578549.952381,0,0.0
2026-07-11 02:30:00,11361011118.0,11407999982.0,11361000111.0,11399986981.0,0.0645272524,11362927482.333334,11401053404.761906,0,0.0
2026-07-11 03:30:00,11369470219.0,11399986736.0,11361000000.0,11361000000.0,0.186522903,11362816371.11111,11399136740.095238,0,0.0
2026-07-11 04:30:00,11361000000.0,11407999982.0,11360000202.0,11400000000.0,0.4188927375,11369205260.0,11397708168.666666,0,0.0
2026-07-11 05:30:00,11400000000.0,11423596854.0,11381476544.0,11419999993.0,0.2344917064,11377911145.666666,11396755788.190475,0,0.0
2026-07-11 06:30:00,11400000001.0,11435000000.0,11396004014.0,11399000000.0,0.2467714743,11378940701.0,11396707783.52381,0,0.0
2026-07-11 07:30:00,11399000000.0,11419999788.0,11375057934.0,11375153346.0,0.2988637451,11377846627.666666,11393696085.714285,0,0.0
2026-07-11 08:30:00,11397350000.0,11397350000.0,11350100000.0,11372005857.0,0.2114660535,11382017476.88889,11388130227.095238,0,0.0
2026-07-11 09:30:00,11350138100.0,11350138100.0,11326800000.0,11328009999.0,0.2164554733,11379574143.777779,11381786740.285715,0,0.0
2026-07-11 10:30:00,11328009999.0,11360000000.0,11326800036.0,11330030036.0,0.2001719314,11376131801.333334,11377026265.714285,0,0.0
2026-07-11 11:30:00,11330030036.0,11352000000.0,11330000235.0,11351869600.0,0.1102240978,11370785425.666666,11372496246.666666,0,0.0
2026-07-11 12:30:00,11351869600.0,11351869600.0,11325000000.0,11349655015.0,0.1360629693,11369524871.777779,11369670294.666666,0,0.0
2026-07-11 13:30:00,11325000018.0,11359999972.0,11325000000.0,11337682946.0,0.2110531418,11362600754.666666,11365750434.952381,0,0.0
2026-07-11 14:30:00,11337682933.0,11389313110.0,11337682932.0,11380000001.0,0.1735809529,11358156311.11111,11365274006.380953,0,0.0
2026-07-11 15:30:00,11380000001.0,11395000000.0,11370004020.0,11370004020.0,0.1420073913,11354934535.555555,11365655150.142857,0,0.0
